acc1.jpg,ACC_A1,$10
acc10.jpg,ACC_A2,$20
acc11.jpg,ACC_A3,$30
acc12.jpg,ACC_A4,$40
acc13.jpg,ACC_A5,$10
acc14.jpg,ACC_A6,$20
acc15.jpg,ACC_A7,$30
acc2.jpg,ACC_A8,$40
acc3.jpg,ACC_A9,$10
acc4.jpg,ACC_A10,$20
acc5.jpg,ACC_A11,$30
acc6.jpg,ACC_A12,$40
acc7.jpg,ACC_A13,$10
acc8.jpg,ACC_A14,$20
acc9.jpg,ACC_A15,$30
foot1.jpg,FOOT_F1,$40
foot10.jpg,FOOT_F2,$10
foot11.jpg,FOOT_F3,$20
foot12.jpg,FOOT_F4,$30
foot13.jpg,FOOT_F5,$40
foot14.jpg,FOOT_F6,$10
foot15.jpg,FOOT_F7,$20
foot2.jpg,FOOT_F8,$30
foot3.jpg,FOOT_F9,$40
foot4.jpg,FOOT_F10,$10
foot5.jpeg,FOOT_F11,$20
foot6.jpg,FOOT_F12,$30
foot7.jpg,FOOT_F13,$40
foot8.jpg,FOOT_F14,$10
foot9.jpg,FOOT_F15,$20
infants1.jpg,INFANTS_I1,$30
infants10.jpg,INFANTS_I2,$40
infants11.jpg,INFANTS_I3,$80
infants12.jpg,INFANTS_I4,$112
infants13.jpg,INFANTS_I5,$103
infants14.jpg,INFANTS_I6,$33
infants15.jpg,INFANTS_I7,$28
infants2.jpg,INFANTS_I8,$68
infants3.jpg,INFANTS_I9,$57
infants4.jpg,INFANTS_I10,$59
infants5.jpg,INFANTS_I11,$112
infants6.jpg,INFANTS_I12,$88
infants7.jpg,INFANTS_I13,$91
infants8.jpg,INFANTS_I14,$68
infants9.jpg,INFANTS_I15,$117
kid1.jpg,KID_K1,$31
kid10.jpg,KID_K2,$48
kid11.jpg,KID_K3,$84
kid12.jpg,KID_K4,$78
kid13.jpg,KID_K5,$23
kid14.jpg,KID_K6,$26
kid15.jpg,KID_K7,$90
kid2.jpg,KID_K8,$71
kid3.jpg,KID_K9,$119
kid4.jpg,KID_K10,$48
kid5.jpg,KID_K11,$75
kid6.jpg,KID_K12,$65
kid7.jpg,KID_K13,$66
kid8.jpg,KID_K14,$23
kid9.jpg,KID_K15,$64
makeup1.jpg,MKUP_M1,$65
makeup10.jpg,MKUP_M2,$108
makeup11.png,MKUP_M3,$111
makeup12.jpg,MKUP_M4,$120
makeup13.jpg,MKUP_M5,$63
makeup15.jpg,MKUP_M6,$83
makeup2.jpg,MKUP_M7,$36
makeup3.jpg,MKUP_M8,$62
makeup4.jpg,MKUP_M9,$31
makeup5.jpg,MKUP_M10,$71
makeup6.jpg,MKUP_M11,$40
makeup7.jpg,MKUP_M12,$84
makeup8.jpg,MKUP_M13,$29
makeup9.jpg,MKUP_M14,$113
winter1.jpg,WINT_W1,$107
winter10.jpg,WINT_W2,$78
winter11.jpg,WINT_W3,$67
winter12.jpg,WINT_W4,$87
winter13.jpg,WINT_W5,$68
winter14.jpg,WINT_W6,$97
winter15.jpg,WINT_W7,$101
winter2.jpg,WINT_W8,$86
winter3.jpg,WINT_W9,$47
winter4.jpg,WINT_W10,$73
winter5.jpg,WINT_W11,$90
winter6.jpg,WINT_W12,$52
winter7.jpg,WINT_W13,$30
winter8.jpg,WINT_W14,$42
winter9.jpg,WINT_W15,$32
women1.jpg,WMN_W1,$76
women10.jpg,WMN_W2,$72
women11.jpg,WMN_W3,$22
women12.jpg,WMN_W4,$106
women13.jpg,WMN_W5,$75
women14.jpg,WMN_W6,$62
women15.jpeg,WMN_W7,$33
women2.jpg,WMN_W8,$100
women3.jpg,WMN_W9,$64
women4.jpg,WMN_W10,$113
women5.jpeg,WMN_W11,$76
women6.jpg,WMN_W12,$23
women7.jpg,WMN_W13,$113
women8.jpg,WMN_W14,$73
women9.jpg,WMN_W15,$23
men1.jpg,MEN_M1,$108
men2.jpg,MEN_M2,$94
men3.jpg,MEN_M3,$105
men4.jpg,MEN_M4,$38
men5.jpg,MEN_M5,$81
men6.jpg,MEN_M6,$40
men7.jpg,MEN_M7,$27
men8.jpg,MEN_M8,$76
men9.jpg,MEN_M9,$91
men10.jpg,MEN_M10,$98
men11.jpg,MEN_M11,$42
men12.jpg,MEN_M12,$60

